Area,Concurso,Clave_carrera,Codigo_opcion,Carrera,Plantel,Modalidad,URL_resultados,Oferta,Aspirantes,Presentaron_examen,Aciertos_minimos,Seleccionados,Numero_comprobante,Aciertos,Acreditado,Estatus,Detalles,Diagnostico
4,Licenciatura 2026,405,40500025,DISEÑO Y COMUNICACION VISUAL,FACULTAD DE ARTES Y DISEÑO,Escolarizado,https://www.dgae.unam.mx/Licenciatura2026/resultados_control/4/40500025.html,50,166,112,65,65,330152,,N,No presentada/o,,
4,Licenciatura 2026,405,40500025,DISEÑO Y COMUNICACION VISUAL,FACULTAD DE ARTES Y DISEÑO,Escolarizado,https://www.dgae.unam.mx/Licenciatura2026/resultados_control/4/40500025.html,50,166,112,65,65,330220,,N,No presentada/o,,
4,Licenciatura 2026,405,40500025,DISEÑO Y COMUNICACION VISUAL,FACULTAD DE ARTES Y DISEÑO,Escolarizado,https://www.dgae.unam.mx/Licenciatura2026/resultados_control/4/40500025.html,50,166,112,65,65,330282,54,,No seleccionada/o,,
4,Licenciatura 2026,405,40500025,DISEÑO Y COMUNICACION VISUAL,FACULTAD DE ARTES Y DISEÑO,Escolarizado,https://www.dgae.unam.mx/Licenciatura2026/resultados_control/4/40500025.html,50,166,112,65,65,330555,78,S,Seleccionada/o,Cita para entregar documentación.,
4,Licenciatura 2026,405,40500025,DISEÑO Y COMUNICACION VISUAL,FACULTAD DE ARTES Y DISEÑO,Escolarizado,https://www.dgae.unam.mx/Licenciatura2026/resultados_control/4/40500025.html,50,166,112,65,65,330628,83,S,Seleccionada/o,,
4,Licenciatura 2026,405,40500025,DISEÑO Y COMUNICACION VISUAL,FACULTAD DE ARTES Y DISEÑO,Escolarizado,https://www.dgae.unam.mx/Licenciatura2026/resultados_control/4/40500025.html,50,166,112,65,65,330633,34,,No seleccionada/o,,
4,Licenciatura 2026,405,40500025,DISEÑO Y COMUNICACION VISUAL,FACULTAD DE ARTES Y DISEÑO,Escolarizado,https://www.dgae.unam.mx/Licenciatura2026/resultados_control/4/40500025.html,50,166,112,65,65,330645,,N,No presentada/o,,
4,Licenciatura 2026,405,40500025,DISEÑO Y COMUNICACION VISUAL,FACULTAD DE ARTES Y DISEÑO,Escolarizado,https://www.dgae.unam.mx/Licenciatura2026/resultados_control/4/40500025.html,50,166,112,65,65,330680,51,,No seleccionada/o,,
4,Licenciatura 2026,405,40500025,DISEÑO Y COMUNICACION VISUAL,FACULTAD DE ARTES Y DISEÑO,Escolarizado,https://www.dgae.unam.mx/Licenciatura2026/resultados_control/4/40500025.html,50,166,112,65,65,330718,,N,No presentada/o,,
4,Licenciatura 2026,405,40500025,DISEÑO Y COMUNICACION VISUAL,FACULTAD DE ARTES Y DISEÑO,Escolarizado,https://www.dgae.unam.mx/Licenciatura2026/resultados_control/4/40500025.html,50,166,112,65,65,330804,58,,No seleccionada/o,,
4,Licenciatura 2026,405,40500025,DISEÑO Y COMUNICACION VISUAL,FACULTAD DE ARTES Y DISEÑO,Escolarizado,https://www.dgae.unam.mx/Licenciatura2026/resultados_control/4/40500025.html,50,166,112,65,65,330896,,N,No presentada/o,,
4,Licenciatura 2026,405,40500025,DISEÑO Y COMUNICACION VISUAL,FACULTAD DE ARTES Y DISEÑO,Escolarizado,https://www.dgae.unam.mx/Licenciatura2026/resultados_control/4/40500025.html,50,166,112,65,65,331002,52,,No seleccionada/o,,
4,Licenciatura 2026,405,40500025,DISEÑO Y COMUNICACION VISUAL,FACULTAD DE ARTES Y DISEÑO,Escolarizado,https://www.dgae.unam.mx/Licenciatura2026/resultados_control/4/40500025.html,50,166,112,65,65,331165,71,S,Seleccionada/o,Cita para entregar documentación.,
4,Licenciatura 2026,405,40500025,DISEÑO Y COMUNICACION VISUAL,FACULTAD DE ARTES Y DISEÑO,Escolarizado,https://www.dgae.unam.mx/Licenciatura2026/resultados_control/4/40500025.html,50,166,112,65,65,331257,84,S,Seleccionada/o,,
4,Licenciatura 2026,405,40500025,DISEÑO Y COMUNICACION VISUAL,FACULTAD DE ARTES Y DISEÑO,Escolarizado,https://www.dgae.unam.mx/Licenciatura2026/resultados_control/4/40500025.html,50,166,112,65,65,331284,,N,No presentada/o,,
4,Licenciatura 2026,405,40500025,DISEÑO Y COMUNICACION VISUAL,FACULTAD DE ARTES Y DISEÑO,Escolarizado,https://www.dgae.unam.mx/Licenciatura2026/resultados_control/4/40500025.html,50,166,112,65,65,331345,37,,No seleccionada/o,,
4,Licenciatura 2026,405,40500025,DISEÑO Y COMUNICACION VISUAL,FACULTAD DE ARTES Y DISEÑO,Escolarizado,https://www.dgae.unam.mx/Licenciatura2026/resultados_control/4/40500025.html,50,166,112,65,65,331424,,N,No presentada/o,,
4,Licenciatura 2026,405,40500025,DISEÑO Y COMUNICACION VISUAL,FACULTAD DE ARTES Y DISEÑO,Escolarizado,https://www.dgae.unam.mx/Licenciatura2026/resultados_control/4/40500025.html,50,166,112,65,65,331684,88,S,Seleccionada/o,Cita para entregar documentación.,
4,Licenciatura 2026,405,40500025,DISEÑO Y COMUNICACION VISUAL,FACULTAD DE ARTES Y DISEÑO,Escolarizado,https://www.dgae.unam.mx/Licenciatura2026/resultados_control/4/40500025.html,50,166,112,65,65,331789,,N,No presentada/o,,
4,Licenciatura 2026,405,40500025,DISEÑO Y COMUNICACION VISUAL,FACULTAD DE ARTES Y DISEÑO,Escolarizado,https://www.dgae.unam.mx/Licenciatura2026/resultados_control/4/40500025.html,50,166,112,65,65,331814,83,S,Seleccionada/o,Cita para entregar documentación.,
4,Licenciatura 2026,405,40500025,DISEÑO Y COMUNICACION VISUAL,FACULTAD DE ARTES Y DISEÑO,Escolarizado,https://www.dgae.unam.mx/Licenciatura2026/resultados_control/4/40500025.html,50,166,112,65,65,332079,,N,No presentada/o,,
4,Licenciatura 2026,405,40500025,DISEÑO Y COMUNICACION VISUAL,FACULTAD DE ARTES Y DISEÑO,Escolarizado,https://www.dgae.unam.mx/Licenciatura2026/resultados_control/4/40500025.html,50,166,112,65,65,332109,104,S,Seleccionada/o,,
4,Licenciatura 2026,405,40500025,DISEÑO Y COMUNICACION VISUAL,FACULTAD DE ARTES Y DISEÑO,Escolarizado,https://www.dgae.unam.mx/Licenciatura2026/resultados_control/4/40500025.html,50,166,112,65,65,332136,71,S,Seleccionada/o,Cita para entregar documentación.,
4,Licenciatura 2026,405,40500025,DISEÑO Y COMUNICACION VISUAL,FACULTAD DE ARTES Y DISEÑO,Escolarizado,https://www.dgae.unam.mx/Licenciatura2026/resultados_control/4/40500025.html,50,166,112,65,65,332226,99,S,Seleccionada/o,Cita para entregar documentación.,
4,Licenciatura 2026,405,40500025,DISEÑO Y COMUNICACION VISUAL,FACULTAD DE ARTES Y DISEÑO,Escolarizado,https://www.dgae.unam.mx/Licenciatura2026/resultados_control/4/40500025.html,50,166,112,65,65,332256,95,S,Seleccionada/o,,
4,Licenciatura 2026,405,40500025,DISEÑO Y COMUNICACION VISUAL,FACULTAD DE ARTES Y DISEÑO,Escolarizado,https://www.dgae.unam.mx/Licenciatura2026/resultados_control/4/40500025.html,50,166,112,65,65,332269,,N,No presentada/o,,
4,Licenciatura 2026,405,40500025,DISEÑO Y COMUNICACION VISUAL,FACULTAD DE ARTES Y DISEÑO,Escolarizado,https://www.dgae.unam.mx/Licenciatura2026/resultados_control/4/40500025.html,50,166,112,65,65,332341,90,S,Seleccionada/o,,
4,Licenciatura 2026,405,40500025,DISEÑO Y COMUNICACION VISUAL,FACULTAD DE ARTES Y DISEÑO,Escolarizado,https://www.dgae.unam.mx/Licenciatura2026/resultados_control/4/40500025.html,50,166,112,65,65,332356,88,S,Seleccionada/o,Cita para entregar documentación.,
4,Licenciatura 2026,405,40500025,DISEÑO Y COMUNICACION VISUAL,FACULTAD DE ARTES Y DISEÑO,Escolarizado,https://www.dgae.unam.mx/Licenciatura2026/resultados_control/4/40500025.html,50,166,112,65,65,332358,,N,No presentada/o,,
4,Licenciatura 2026,405,40500025,DISEÑO Y COMUNICACION VISUAL,FACULTAD DE ARTES Y DISEÑO,Escolarizado,https://www.dgae.unam.mx/Licenciatura2026/resultados_control/4/40500025.html,50,166,112,65,65,332629,68,S,Seleccionada/o,Cita para entregar documentación.,
4,Licenciatura 2026,405,40500025,DISEÑO Y COMUNICACION VISUAL,FACULTAD DE ARTES Y DISEÑO,Escolarizado,https://www.dgae.unam.mx/Licenciatura2026/resultados_control/4/40500025.html,50,166,112,65,65,332673,83,S,Seleccionada/o,Cita para entregar documentación.,
4,Licenciatura 2026,405,40500025,DISEÑO Y COMUNICACION VISUAL,FACULTAD DE ARTES Y DISEÑO,Escolarizado,https://www.dgae.unam.mx/Licenciatura2026/resultados_control/4/40500025.html,50,166,112,65,65,332687,61,,No seleccionada/o,,
4,Licenciatura 2026,405,40500025,DISEÑO Y COMUNICACION VISUAL,FACULTAD DE ARTES Y DISEÑO,Escolarizado,https://www.dgae.unam.mx/Licenciatura2026/resultados_control/4/40500025.html,50,166,112,65,65,332718,,N,No presentada/o,,
4,Licenciatura 2026,405,40500025,DISEÑO Y COMUNICACION VISUAL,FACULTAD DE ARTES Y DISEÑO,Escolarizado,https://www.dgae.unam.mx/Licenciatura2026/resultados_control/4/40500025.html,50,166,112,65,65,332793,,N,No presentada/o,,
4,Licenciatura 2026,405,40500025,DISEÑO Y COMUNICACION VISUAL,FACULTAD DE ARTES Y DISEÑO,Escolarizado,https://www.dgae.unam.mx/Licenciatura2026/resultados_control/4/40500025.html,50,166,112,65,65,333019,,N,No presentada/o,,
4,Licenciatura 2026,405,40500025,DISEÑO Y COMUNICACION VISUAL,FACULTAD DE ARTES Y DISEÑO,Escolarizado,https://www.dgae.unam.mx/Licenciatura2026/resultados_control/4/40500025.html,50,166,112,65,65,333052,94,S,Seleccionada/o,,
4,Licenciatura 2026,405,40500025,DISEÑO Y COMUNICACION VISUAL,FACULTAD DE ARTES Y DISEÑO,Escolarizado,https://www.dgae.unam.mx/Licenciatura2026/resultados_control/4/40500025.html,50,166,112,65,65,333072,58,,No seleccionada/o,,
4,Licenciatura 2026,405,40500025,DISEÑO Y COMUNICACION VISUAL,FACULTAD DE ARTES Y DISEÑO,Escolarizado,https://www.dgae.unam.mx/Licenciatura2026/resultados_control/4/40500025.html,50,166,112,65,65,333096,78,S,Seleccionada/o,Cita para entregar documentación.,
4,Licenciatura 2026,405,40500025,DISEÑO Y COMUNICACION VISUAL,FACULTAD DE ARTES Y DISEÑO,Escolarizado,https://www.dgae.unam.mx/Licenciatura2026/resultados_control/4/40500025.html,50,166,112,65,65,333118,40,,No seleccionada/o,,
4,Licenciatura 2026,405,40500025,DISEÑO Y COMUNICACION VISUAL,FACULTAD DE ARTES Y DISEÑO,Escolarizado,https://www.dgae.unam.mx/Licenciatura2026/resultados_control/4/40500025.html,50,166,112,65,65,333133,,N,No presentada/o,,
4,Licenciatura 2026,405,40500025,DISEÑO Y COMUNICACION VISUAL,FACULTAD DE ARTES Y DISEÑO,Escolarizado,https://www.dgae.unam.mx/Licenciatura2026/resultados_control/4/40500025.html,50,166,112,65,65,333312,,S,Seleccionada/o,Cita para aclarar situación escolar.,
4,Licenciatura 2026,405,40500025,DISEÑO Y COMUNICACION VISUAL,FACULTAD DE ARTES Y DISEÑO,Escolarizado,https://www.dgae.unam.mx/Licenciatura2026/resultados_control/4/40500025.html,50,166,112,65,65,333373,,N,No presentada/o,,
4,Licenciatura 2026,405,40500025,DISEÑO Y COMUNICACION VISUAL,FACULTAD DE ARTES Y DISEÑO,Escolarizado,https://www.dgae.unam.mx/Licenciatura2026/resultados_control/4/40500025.html,50,166,112,65,65,333420,82,S,Seleccionada/o,Cita para entregar documentación.,
4,Licenciatura 2026,405,40500025,DISEÑO Y COMUNICACION VISUAL,FACULTAD DE ARTES Y DISEÑO,Escolarizado,https://www.dgae.unam.mx/Licenciatura2026/resultados_control/4/40500025.html,50,166,112,65,65,333450,,N,No presentada/o,,
4,Licenciatura 2026,405,40500025,DISEÑO Y COMUNICACION VISUAL,FACULTAD DE ARTES Y DISEÑO,Escolarizado,https://www.dgae.unam.mx/Licenciatura2026/resultados_control/4/40500025.html,50,166,112,65,65,333625,96,S,Seleccionada/o,Cita para entregar documentación.,
4,Licenciatura 2026,405,40500025,DISEÑO Y COMUNICACION VISUAL,FACULTAD DE ARTES Y DISEÑO,Escolarizado,https://www.dgae.unam.mx/Licenciatura2026/resultados_control/4/40500025.html,50,166,112,65,65,333652,63,,No seleccionada/o,,
4,Licenciatura 2026,405,40500025,DISEÑO Y COMUNICACION VISUAL,FACULTAD DE ARTES Y DISEÑO,Escolarizado,https://www.dgae.unam.mx/Licenciatura2026/resultados_control/4/40500025.html,50,166,112,65,65,333728,65,S,Seleccionada/o,Cita para entregar documentación.,
4,Licenciatura 2026,405,40500025,DISEÑO Y COMUNICACION VISUAL,FACULTAD DE ARTES Y DISEÑO,Escolarizado,https://www.dgae.unam.mx/Licenciatura2026/resultados_control/4/40500025.html,50,166,112,65,65,333864,76,S,Seleccionada/o,,
4,Licenciatura 2026,405,40500025,DISEÑO Y COMUNICACION VISUAL,FACULTAD DE ARTES Y DISEÑO,Escolarizado,https://www.dgae.unam.mx/Licenciatura2026/resultados_control/4/40500025.html,50,166,112,65,65,333918,65,S,Seleccionada/o,Cita para entregar documentación.,
4,Licenciatura 2026,405,40500025,DISEÑO Y COMUNICACION VISUAL,FACULTAD DE ARTES Y DISEÑO,Escolarizado,https://www.dgae.unam.mx/Licenciatura2026/resultados_control/4/40500025.html,50,166,112,65,65,333919,,S,Seleccionada/o,Cita para aclarar situación escolar.,
4,Licenciatura 2026,405,40500025,DISEÑO Y COMUNICACION VISUAL,FACULTAD DE ARTES Y DISEÑO,Escolarizado,https://www.dgae.unam.mx/Licenciatura2026/resultados_control/4/40500025.html,50,166,112,65,65,334034,93,S,Seleccionada/o,,
4,Licenciatura 2026,405,40500025,DISEÑO Y COMUNICACION VISUAL,FACULTAD DE ARTES Y DISEÑO,Escolarizado,https://www.dgae.unam.mx/Licenciatura2026/resultados_control/4/40500025.html,50,166,112,65,65,334053,51,,No seleccionada/o,,
4,Licenciatura 2026,405,40500025,DISEÑO Y COMUNICACION VISUAL,FACULTAD DE ARTES Y DISEÑO,Escolarizado,https://www.dgae.unam.mx/Licenciatura2026/resultados_control/4/40500025.html,50,166,112,65,65,334073,55,,No seleccionada/o,,
4,Licenciatura 2026,405,40500025,DISEÑO Y COMUNICACION VISUAL,FACULTAD DE ARTES Y DISEÑO,Escolarizado,https://www.dgae.unam.mx/Licenciatura2026/resultados_control/4/40500025.html,50,166,112,65,65,334076,53,,No seleccionada/o,,
4,Licenciatura 2026,405,40500025,DISEÑO Y COMUNICACION VISUAL,FACULTAD DE ARTES Y DISEÑO,Escolarizado,https://www.dgae.unam.mx/Licenciatura2026/resultados_control/4/40500025.html,50,166,112,65,65,334158,,N,No presentada/o,,
4,Licenciatura 2026,405,40500025,DISEÑO Y COMUNICACION VISUAL,FACULTAD DE ARTES Y DISEÑO,Escolarizado,https://www.dgae.unam.mx/Licenciatura2026/resultados_control/4/40500025.html,50,166,112,65,65,334446,,N,No presentada/o,,
4,Licenciatura 2026,405,40500025,DISEÑO Y COMUNICACION VISUAL,FACULTAD DE ARTES Y DISEÑO,Escolarizado,https://www.dgae.unam.mx/Licenciatura2026/resultados_control/4/40500025.html,50,166,112,65,65,334522,,N,No presentada/o,,
4,Licenciatura 2026,405,40500025,DISEÑO Y COMUNICACION VISUAL,FACULTAD DE ARTES Y DISEÑO,Escolarizado,https://www.dgae.unam.mx/Licenciatura2026/resultados_control/4/40500025.html,50,166,112,65,65,334620,49,,No seleccionada/o,,
4,Licenciatura 2026,405,40500025,DISEÑO Y COMUNICACION VISUAL,FACULTAD DE ARTES Y DISEÑO,Escolarizado,https://www.dgae.unam.mx/Licenciatura2026/resultados_control/4/40500025.html,50,166,112,65,65,334648,90,S,Seleccionada/o,,
4,Licenciatura 2026,405,40500025,DISEÑO Y COMUNICACION VISUAL,FACULTAD DE ARTES Y DISEÑO,Escolarizado,https://www.dgae.unam.mx/Licenciatura2026/resultados_control/4/40500025.html,50,166,112,65,65,334704,57,,No seleccionada/o,,
4,Licenciatura 2026,405,40500025,DISEÑO Y COMUNICACION VISUAL,FACULTAD DE ARTES Y DISEÑO,Escolarizado,https://www.dgae.unam.mx/Licenciatura2026/resultados_control/4/40500025.html,50,166,112,65,65,334812,,N,No presentada/o,,
4,Licenciatura 2026,405,40500025,DISEÑO Y COMUNICACION VISUAL,FACULTAD DE ARTES Y DISEÑO,Escolarizado,https://www.dgae.unam.mx/Licenciatura2026/resultados_control/4/40500025.html,50,166,112,65,65,334874,61,,No seleccionada/o,,
4,Licenciatura 2026,405,40500025,DISEÑO Y COMUNICACION VISUAL,FACULTAD DE ARTES Y DISEÑO,Escolarizado,https://www.dgae.unam.mx/Licenciatura2026/resultados_control/4/40500025.html,50,166,112,65,65,334909,50,,No seleccionada/o,,
4,Licenciatura 2026,405,40500025,DISEÑO Y COMUNICACION VISUAL,FACULTAD DE ARTES Y DISEÑO,Escolarizado,https://www.dgae.unam.mx/Licenciatura2026/resultados_control/4/40500025.html,50,166,112,65,65,335067,84,S,Seleccionada/o,,
4,Licenciatura 2026,405,40500025,DISEÑO Y COMUNICACION VISUAL,FACULTAD DE ARTES Y DISEÑO,Escolarizado,https://www.dgae.unam.mx/Licenciatura2026/resultados_control/4/40500025.html,50,166,112,65,65,335159,,N,No presentada/o,,
4,Licenciatura 2026,405,40500025,DISEÑO Y COMUNICACION VISUAL,FACULTAD DE ARTES Y DISEÑO,Escolarizado,https://www.dgae.unam.mx/Licenciatura2026/resultados_control/4/40500025.html,50,166,112,65,65,335384,46,,No seleccionada/o,,
4,Licenciatura 2026,405,40500025,DISEÑO Y COMUNICACION VISUAL,FACULTAD DE ARTES Y DISEÑO,Escolarizado,https://www.dgae.unam.mx/Licenciatura2026/resultados_control/4/40500025.html,50,166,112,65,65,335444,98,S,Seleccionada/o,Cita para entregar documentación.,
4,Licenciatura 2026,405,40500025,DISEÑO Y COMUNICACION VISUAL,FACULTAD DE ARTES Y DISEÑO,Escolarizado,https://www.dgae.unam.mx/Licenciatura2026/resultados_control/4/40500025.html,50,166,112,65,65,335519,,N,No presentada/o,,
4,Licenciatura 2026,405,40500025,DISEÑO Y COMUNICACION VISUAL,FACULTAD DE ARTES Y DISEÑO,Escolarizado,https://www.dgae.unam.mx/Licenciatura2026/resultados_control/4/40500025.html,50,166,112,65,65,335618,68,S,Seleccionada/o,Cita para entregar documentación.,
4,Licenciatura 2026,405,40500025,DISEÑO Y COMUNICACION VISUAL,FACULTAD DE ARTES Y DISEÑO,Escolarizado,https://www.dgae.unam.mx/Licenciatura2026/resultados_control/4/40500025.html,50,166,112,65,65,335889,,N,No presentada/o,,
4,Licenciatura 2026,405,40500025,DISEÑO Y COMUNICACION VISUAL,FACULTAD DE ARTES Y DISEÑO,Escolarizado,https://www.dgae.unam.mx/Licenciatura2026/resultados_control/4/40500025.html,50,166,112,65,65,335910,64,,No seleccionada/o,,
4,Licenciatura 2026,405,40500025,DISEÑO Y COMUNICACION VISUAL,FACULTAD DE ARTES Y DISEÑO,Escolarizado,https://www.dgae.unam.mx/Licenciatura2026/resultados_control/4/40500025.html,50,166,112,65,65,336015,53,,No seleccionada/o,,
4,Licenciatura 2026,405,40500025,DISEÑO Y COMUNICACION VISUAL,FACULTAD DE ARTES Y DISEÑO,Escolarizado,https://www.dgae.unam.mx/Licenciatura2026/resultados_control/4/40500025.html,50,166,112,65,65,336209,82,S,Seleccionada/o,,
4,Licenciatura 2026,405,40500025,DISEÑO Y COMUNICACION VISUAL,FACULTAD DE ARTES Y DISEÑO,Escolarizado,https://www.dgae.unam.mx/Licenciatura2026/resultados_control/4/40500025.html,50,166,112,65,65,336244,76,S,Seleccionada/o,Cita para entregar documentación.,
4,Licenciatura 2026,405,40500025,DISEÑO Y COMUNICACION VISUAL,FACULTAD DE ARTES Y DISEÑO,Escolarizado,https://www.dgae.unam.mx/Licenciatura2026/resultados_control/4/40500025.html,50,166,112,65,65,336267,69,S,Seleccionada/o,Cita para entregar documentación.,
4,Licenciatura 2026,405,40500025,DISEÑO Y COMUNICACION VISUAL,FACULTAD DE ARTES Y DISEÑO,Escolarizado,https://www.dgae.unam.mx/Licenciatura2026/resultados_control/4/40500025.html,50,166,112,65,65,336325,66,S,Seleccionada/o,,
4,Licenciatura 2026,405,40500025,DISEÑO Y COMUNICACION VISUAL,FACULTAD DE ARTES Y DISEÑO,Escolarizado,https://www.dgae.unam.mx/Licenciatura2026/resultados_control/4/40500025.html,50,166,112,65,65,336454,65,S,Seleccionada/o,Cita para entregar documentación.,
4,Licenciatura 2026,405,40500025,DISEÑO Y COMUNICACION VISUAL,FACULTAD DE ARTES Y DISEÑO,Escolarizado,https://www.dgae.unam.mx/Licenciatura2026/resultados_control/4/40500025.html,50,166,112,65,65,336505,42,,No seleccionada/o,,
4,Licenciatura 2026,405,40500025,DISEÑO Y COMUNICACION VISUAL,FACULTAD DE ARTES Y DISEÑO,Escolarizado,https://www.dgae.unam.mx/Licenciatura2026/resultados_control/4/40500025.html,50,166,112,65,65,336518,38,,No seleccionada/o,,
4,Licenciatura 2026,405,40500025,DISEÑO Y COMUNICACION VISUAL,FACULTAD DE ARTES Y DISEÑO,Escolarizado,https://www.dgae.unam.mx/Licenciatura2026/resultados_control/4/40500025.html,50,166,112,65,65,336547,83,S,Seleccionada/o,,
4,Licenciatura 2026,405,40500025,DISEÑO Y COMUNICACION VISUAL,FACULTAD DE ARTES Y DISEÑO,Escolarizado,https://www.dgae.unam.mx/Licenciatura2026/resultados_control/4/40500025.html,50,166,112,65,65,336573,86,S,Seleccionada/o,Cita para entregar documentación.,
4,Licenciatura 2026,405,40500025,DISEÑO Y COMUNICACION VISUAL,FACULTAD DE ARTES Y DISEÑO,Escolarizado,https://www.dgae.unam.mx/Licenciatura2026/resultados_control/4/40500025.html,50,166,112,65,65,336639,48,,No seleccionada/o,,
4,Licenciatura 2026,405,40500025,DISEÑO Y COMUNICACION VISUAL,FACULTAD DE ARTES Y DISEÑO,Escolarizado,https://www.dgae.unam.mx/Licenciatura2026/resultados_control/4/40500025.html,50,166,112,65,65,336721,73,S,Seleccionada/o,Cita para entregar documentación.,
4,Licenciatura 2026,405,40500025,DISEÑO Y COMUNICACION VISUAL,FACULTAD DE ARTES Y DISEÑO,Escolarizado,https://www.dgae.unam.mx/Licenciatura2026/resultados_control/4/40500025.html,50,166,112,65,65,336726,66,S,Seleccionada/o,Cita para entregar documentación.,
4,Licenciatura 2026,405,40500025,DISEÑO Y COMUNICACION VISUAL,FACULTAD DE ARTES Y DISEÑO,Escolarizado,https://www.dgae.unam.mx/Licenciatura2026/resultados_control/4/40500025.html,50,166,112,65,65,336775,45,,No seleccionada/o,,
4,Licenciatura 2026,405,40500025,DISEÑO Y COMUNICACION VISUAL,FACULTAD DE ARTES Y DISEÑO,Escolarizado,https://www.dgae.unam.mx/Licenciatura2026/resultados_control/4/40500025.html,50,166,112,65,65,336803,68,S,Seleccionada/o,Cita para entregar documentación.,
4,Licenciatura 2026,405,40500025,DISEÑO Y COMUNICACION VISUAL,FACULTAD DE ARTES Y DISEÑO,Escolarizado,https://www.dgae.unam.mx/Licenciatura2026/resultados_control/4/40500025.html,50,166,112,65,65,336862,72,S,Seleccionada/o,Cita para entregar documentación.,
4,Licenciatura 2026,405,40500025,DISEÑO Y COMUNICACION VISUAL,FACULTAD DE ARTES Y DISEÑO,Escolarizado,https://www.dgae.unam.mx/Licenciatura2026/resultados_control/4/40500025.html,50,166,112,65,65,337264,,N,No presentada/o,,
4,Licenciatura 2026,405,40500025,DISEÑO Y COMUNICACION VISUAL,FACULTAD DE ARTES Y DISEÑO,Escolarizado,https://www.dgae.unam.mx/Licenciatura2026/resultados_control/4/40500025.html,50,166,112,65,65,337414,91,S,Seleccionada/o,Cita para entregar documentación.,
4,Licenciatura 2026,405,40500025,DISEÑO Y COMUNICACION VISUAL,FACULTAD DE ARTES Y DISEÑO,Escolarizado,https://www.dgae.unam.mx/Licenciatura2026/resultados_control/4/40500025.html,50,166,112,65,65,337553,45,,No seleccionada/o,,
4,Licenciatura 2026,405,40500025,DISEÑO Y COMUNICACION VISUAL,FACULTAD DE ARTES Y DISEÑO,Escolarizado,https://www.dgae.unam.mx/Licenciatura2026/resultados_control/4/40500025.html,50,166,112,65,65,337737,82,S,Seleccionada/o,,
4,Licenciatura 2026,405,40500025,DISEÑO Y COMUNICACION VISUAL,FACULTAD DE ARTES Y DISEÑO,Escolarizado,https://www.dgae.unam.mx/Licenciatura2026/resultados_control/4/40500025.html,50,166,112,65,65,337859,,N,No presentada/o,,
4,Licenciatura 2026,405,40500025,DISEÑO Y COMUNICACION VISUAL,FACULTAD DE ARTES Y DISEÑO,Escolarizado,https://www.dgae.unam.mx/Licenciatura2026/resultados_control/4/40500025.html,50,166,112,65,65,337986,57,,No seleccionada/o,,
4,Licenciatura 2026,405,40500025,DISEÑO Y COMUNICACION VISUAL,FACULTAD DE ARTES Y DISEÑO,Escolarizado,https://www.dgae.unam.mx/Licenciatura2026/resultados_control/4/40500025.html,50,166,112,65,65,337990,78,S,Seleccionada/o,Cita para entregar documentación.,
4,Licenciatura 2026,405,40500025,DISEÑO Y COMUNICACION VISUAL,FACULTAD DE ARTES Y DISEÑO,Escolarizado,https://www.dgae.unam.mx/Licenciatura2026/resultados_control/4/40500025.html,50,166,112,65,65,337991,44,,No seleccionada/o,,
4,Licenciatura 2026,405,40500025,DISEÑO Y COMUNICACION VISUAL,FACULTAD DE ARTES Y DISEÑO,Escolarizado,https://www.dgae.unam.mx/Licenciatura2026/resultados_control/4/40500025.html,50,166,112,65,65,338189,99,S,Seleccionada/o,Cita para entregar documentación.,
4,Licenciatura 2026,405,40500025,DISEÑO Y COMUNICACION VISUAL,FACULTAD DE ARTES Y DISEÑO,Escolarizado,https://www.dgae.unam.mx/Licenciatura2026/resultados_control/4/40500025.html,50,166,112,65,65,338315,51,,No seleccionada/o,,
4,Licenciatura 2026,405,40500025,DISEÑO Y COMUNICACION VISUAL,FACULTAD DE ARTES Y DISEÑO,Escolarizado,https://www.dgae.unam.mx/Licenciatura2026/resultados_control/4/40500025.html,50,166,112,65,65,338335,63,,No seleccionada/o,,
4,Licenciatura 2026,405,40500025,DISEÑO Y COMUNICACION VISUAL,FACULTAD DE ARTES Y DISEÑO,Escolarizado,https://www.dgae.unam.mx/Licenciatura2026/resultados_control/4/40500025.html,50,166,112,65,65,338350,43,,No seleccionada/o,,
4,Licenciatura 2026,405,40500025,DISEÑO Y COMUNICACION VISUAL,FACULTAD DE ARTES Y DISEÑO,Escolarizado,https://www.dgae.unam.mx/Licenciatura2026/resultados_control/4/40500025.html,50,166,112,65,65,338369,,N,No presentada/o,,
4,Licenciatura 2026,405,40500025,DISEÑO Y COMUNICACION VISUAL,FACULTAD DE ARTES Y DISEÑO,Escolarizado,https://www.dgae.unam.mx/Licenciatura2026/resultados_control/4/40500025.html,50,166,112,65,65,338481,,N,No presentada/o,,
4,Licenciatura 2026,405,40500025,DISEÑO Y COMUNICACION VISUAL,FACULTAD DE ARTES Y DISEÑO,Escolarizado,https://www.dgae.unam.mx/Licenciatura2026/resultados_control/4/40500025.html,50,166,112,65,65,338528,81,S,Seleccionada/o,Cita para entregar documentación.,
4,Licenciatura 2026,405,40500025,DISEÑO Y COMUNICACION VISUAL,FACULTAD DE ARTES Y DISEÑO,Escolarizado,https://www.dgae.unam.mx/Licenciatura2026/resultados_control/4/40500025.html,50,166,112,65,65,338708,73,S,Seleccionada/o,Cita para entregar documentación.,
4,Licenciatura 2026,405,40500025,DISEÑO Y COMUNICACION VISUAL,FACULTAD DE ARTES Y DISEÑO,Escolarizado,https://www.dgae.unam.mx/Licenciatura2026/resultados_control/4/40500025.html,50,166,112,65,65,338749,,N,No presentada/o,,
4,Licenciatura 2026,405,40500025,DISEÑO Y COMUNICACION VISUAL,FACULTAD DE ARTES Y DISEÑO,Escolarizado,https://www.dgae.unam.mx/Licenciatura2026/resultados_control/4/40500025.html,50,166,112,65,65,338870,,N,No presentada/o,,
4,Licenciatura 2026,405,40500025,DISEÑO Y COMUNICACION VISUAL,FACULTAD DE ARTES Y DISEÑO,Escolarizado,https://www.dgae.unam.mx/Licenciatura2026/resultados_control/4/40500025.html,50,166,112,65,65,338928,,N,No presentada/o,,
4,Licenciatura 2026,405,40500025,DISEÑO Y COMUNICACION VISUAL,FACULTAD DE ARTES Y DISEÑO,Escolarizado,https://www.dgae.unam.mx/Licenciatura2026/resultados_control/4/40500025.html,50,166,112,65,65,339031,66,S,Seleccionada/o,Cita para entregar documentación.,
4,Licenciatura 2026,405,40500025,DISEÑO Y COMUNICACION VISUAL,FACULTAD DE ARTES Y DISEÑO,Escolarizado,https://www.dgae.unam.mx/Licenciatura2026/resultados_control/4/40500025.html,50,166,112,65,65,339055,98,S,Seleccionada/o,,
4,Licenciatura 2026,405,40500025,DISEÑO Y COMUNICACION VISUAL,FACULTAD DE ARTES Y DISEÑO,Escolarizado,https://www.dgae.unam.mx/Licenciatura2026/resultados_control/4/40500025.html,50,166,112,65,65,339100,,N,No presentada/o,,
4,Licenciatura 2026,405,40500025,DISEÑO Y COMUNICACION VISUAL,FACULTAD DE ARTES Y DISEÑO,Escolarizado,https://www.dgae.unam.mx/Licenciatura2026/resultados_control/4/40500025.html,50,166,112,65,65,339170,,N,No presentada/o,,
4,Licenciatura 2026,405,40500025,DISEÑO Y COMUNICACION VISUAL,FACULTAD DE ARTES Y DISEÑO,Escolarizado,https://www.dgae.unam.mx/Licenciatura2026/resultados_control/4/40500025.html,50,166,112,65,65,339435,63,,No seleccionada/o,,
4,Licenciatura 2026,405,40500025,DISEÑO Y COMUNICACION VISUAL,FACULTAD DE ARTES Y DISEÑO,Escolarizado,https://www.dgae.unam.mx/Licenciatura2026/resultados_control/4/40500025.html,50,166,112,65,65,339608,,N,No presentada/o,,
4,Licenciatura 2026,405,40500025,DISEÑO Y COMUNICACION VISUAL,FACULTAD DE ARTES Y DISEÑO,Escolarizado,https://www.dgae.unam.mx/Licenciatura2026/resultados_control/4/40500025.html,50,166,112,65,65,339700,,N,No presentada/o,,
4,Licenciatura 2026,405,40500025,DISEÑO Y COMUNICACION VISUAL,FACULTAD DE ARTES Y DISEÑO,Escolarizado,https://www.dgae.unam.mx/Licenciatura2026/resultados_control/4/40500025.html,50,166,112,65,65,339844,102,S,Seleccionada/o,Cita para entregar documentación.,
4,Licenciatura 2026,405,40500025,DISEÑO Y COMUNICACION VISUAL,FACULTAD DE ARTES Y DISEÑO,Escolarizado,https://www.dgae.unam.mx/Licenciatura2026/resultados_control/4/40500025.html,50,166,112,65,65,339926,43,,No seleccionada/o,,
4,Licenciatura 2026,405,40500025,DISEÑO Y COMUNICACION VISUAL,FACULTAD DE ARTES Y DISEÑO,Escolarizado,https://www.dgae.unam.mx/Licenciatura2026/resultados_control/4/40500025.html,50,166,112,65,65,340009,,N,No presentada/o,,
4,Licenciatura 2026,405,40500025,DISEÑO Y COMUNICACION VISUAL,FACULTAD DE ARTES Y DISEÑO,Escolarizado,https://www.dgae.unam.mx/Licenciatura2026/resultados_control/4/40500025.html,50,166,112,65,65,340034,76,S,Seleccionada/o,Cita para entregar documentación.,
4,Licenciatura 2026,405,40500025,DISEÑO Y COMUNICACION VISUAL,FACULTAD DE ARTES Y DISEÑO,Escolarizado,https://www.dgae.unam.mx/Licenciatura2026/resultados_control/4/40500025.html,50,166,112,65,65,340209,59,,No seleccionada/o,,
4,Licenciatura 2026,405,40500025,DISEÑO Y COMUNICACION VISUAL,FACULTAD DE ARTES Y DISEÑO,Escolarizado,https://www.dgae.unam.mx/Licenciatura2026/resultados_control/4/40500025.html,50,166,112,65,65,340311,46,,No seleccionada/o,,
4,Licenciatura 2026,405,40500025,DISEÑO Y COMUNICACION VISUAL,FACULTAD DE ARTES Y DISEÑO,Escolarizado,https://www.dgae.unam.mx/Licenciatura2026/resultados_control/4/40500025.html,50,166,112,65,65,340422,,N,No presentada/o,,
4,Licenciatura 2026,405,40500025,DISEÑO Y COMUNICACION VISUAL,FACULTAD DE ARTES Y DISEÑO,Escolarizado,https://www.dgae.unam.mx/Licenciatura2026/resultados_control/4/40500025.html,50,166,112,65,65,340646,33,,No seleccionada/o,,
4,Licenciatura 2026,405,40500025,DISEÑO Y COMUNICACION VISUAL,FACULTAD DE ARTES Y DISEÑO,Escolarizado,https://www.dgae.unam.mx/Licenciatura2026/resultados_control/4/40500025.html,50,166,112,65,65,340678,,N,No presentada/o,,
4,Licenciatura 2026,405,40500025,DISEÑO Y COMUNICACION VISUAL,FACULTAD DE ARTES Y DISEÑO,Escolarizado,https://www.dgae.unam.mx/Licenciatura2026/resultados_control/4/40500025.html,50,166,112,65,65,340965,49,,No seleccionada/o,,
4,Licenciatura 2026,405,40500025,DISEÑO Y COMUNICACION VISUAL,FACULTAD DE ARTES Y DISEÑO,Escolarizado,https://www.dgae.unam.mx/Licenciatura2026/resultados_control/4/40500025.html,50,166,112,65,65,341044,87,S,Seleccionada/o,Cita para entregar documentación.,
4,Licenciatura 2026,405,40500025,DISEÑO Y COMUNICACION VISUAL,FACULTAD DE ARTES Y DISEÑO,Escolarizado,https://www.dgae.unam.mx/Licenciatura2026/resultados_control/4/40500025.html,50,166,112,65,65,341311,41,,No seleccionada/o,,
4,Licenciatura 2026,405,40500025,DISEÑO Y COMUNICACION VISUAL,FACULTAD DE ARTES Y DISEÑO,Escolarizado,https://www.dgae.unam.mx/Licenciatura2026/resultados_control/4/40500025.html,50,166,112,65,65,341400,,N,No presentada/o,,
4,Licenciatura 2026,405,40500025,DISEÑO Y COMUNICACION VISUAL,FACULTAD DE ARTES Y DISEÑO,Escolarizado,https://www.dgae.unam.mx/Licenciatura2026/resultados_control/4/40500025.html,50,166,112,65,65,341431,97,S,Seleccionada/o,Cita para entregar documentación.,
4,Licenciatura 2026,405,40500025,DISEÑO Y COMUNICACION VISUAL,FACULTAD DE ARTES Y DISEÑO,Escolarizado,https://www.dgae.unam.mx/Licenciatura2026/resultados_control/4/40500025.html,50,166,112,65,65,341584,86,S,Seleccionada/o,,
4,Licenciatura 2026,405,40500025,DISEÑO Y COMUNICACION VISUAL,FACULTAD DE ARTES Y DISEÑO,Escolarizado,https://www.dgae.unam.mx/Licenciatura2026/resultados_control/4/40500025.html,50,166,112,65,65,341649,51,,No seleccionada/o,,
4,Licenciatura 2026,405,40500025,DISEÑO Y COMUNICACION VISUAL,FACULTAD DE ARTES Y DISEÑO,Escolarizado,https://www.dgae.unam.mx/Licenciatura2026/resultados_control/4/40500025.html,50,166,112,65,65,341723,75,S,Seleccionada/o,Cita para entregar documentación.,
4,Licenciatura 2026,405,40500025,DISEÑO Y COMUNICACION VISUAL,FACULTAD DE ARTES Y DISEÑO,Escolarizado,https://www.dgae.unam.mx/Licenciatura2026/resultados_control/4/40500025.html,50,166,112,65,65,342076,,N,No presentada/o,,
4,Licenciatura 2026,405,40500025,DISEÑO Y COMUNICACION VISUAL,FACULTAD DE ARTES Y DISEÑO,Escolarizado,https://www.dgae.unam.mx/Licenciatura2026/resultados_control/4/40500025.html,50,166,112,65,65,342083,,S,Seleccionada/o,Cita para aclarar situación escolar.,
4,Licenciatura 2026,405,40500025,DISEÑO Y COMUNICACION VISUAL,FACULTAD DE ARTES Y DISEÑO,Escolarizado,https://www.dgae.unam.mx/Licenciatura2026/resultados_control/4/40500025.html,50,166,112,65,65,342104,,N,No presentada/o,,
4,Licenciatura 2026,405,40500025,DISEÑO Y COMUNICACION VISUAL,FACULTAD DE ARTES Y DISEÑO,Escolarizado,https://www.dgae.unam.mx/Licenciatura2026/resultados_control/4/40500025.html,50,166,112,65,65,342217,46,,No seleccionada/o,,
4,Licenciatura 2026,405,40500025,DISEÑO Y COMUNICACION VISUAL,FACULTAD DE ARTES Y DISEÑO,Escolarizado,https://www.dgae.unam.mx/Licenciatura2026/resultados_control/4/40500025.html,50,166,112,65,65,342302,61,,No seleccionada/o,,
4,Licenciatura 2026,405,40500025,DISEÑO Y COMUNICACION VISUAL,FACULTAD DE ARTES Y DISEÑO,Escolarizado,https://www.dgae.unam.mx/Licenciatura2026/resultados_control/4/40500025.html,50,166,112,65,65,342661,,N,No presentada/o,,
4,Licenciatura 2026,405,40500025,DISEÑO Y COMUNICACION VISUAL,FACULTAD DE ARTES Y DISEÑO,Escolarizado,https://www.dgae.unam.mx/Licenciatura2026/resultados_control/4/40500025.html,50,166,112,65,65,342730,73,S,Seleccionada/o,Cita para entregar documentación.,
4,Licenciatura 2026,405,40500025,DISEÑO Y COMUNICACION VISUAL,FACULTAD DE ARTES Y DISEÑO,Escolarizado,https://www.dgae.unam.mx/Licenciatura2026/resultados_control/4/40500025.html,50,166,112,65,65,342882,60,,No seleccionada/o,,
4,Licenciatura 2026,405,40500025,DISEÑO Y COMUNICACION VISUAL,FACULTAD DE ARTES Y DISEÑO,Escolarizado,https://www.dgae.unam.mx/Licenciatura2026/resultados_control/4/40500025.html,50,166,112,65,65,342890,,N,No presentada/o,,
4,Licenciatura 2026,405,40500025,DISEÑO Y COMUNICACION VISUAL,FACULTAD DE ARTES Y DISEÑO,Escolarizado,https://www.dgae.unam.mx/Licenciatura2026/resultados_control/4/40500025.html,50,166,112,65,65,343174,,N,No presentada/o,,
4,Licenciatura 2026,405,40500025,DISEÑO Y COMUNICACION VISUAL,FACULTAD DE ARTES Y DISEÑO,Escolarizado,https://www.dgae.unam.mx/Licenciatura2026/resultados_control/4/40500025.html,50,166,112,65,65,343491,53,,No seleccionada/o,,
4,Licenciatura 2026,405,40500025,DISEÑO Y COMUNICACION VISUAL,FACULTAD DE ARTES Y DISEÑO,Escolarizado,https://www.dgae.unam.mx/Licenciatura2026/resultados_control/4/40500025.html,50,166,112,65,65,343568,77,S,Seleccionada/o,Cita para entregar documentación.,
4,Licenciatura 2026,405,40500025,DISEÑO Y COMUNICACION VISUAL,FACULTAD DE ARTES Y DISEÑO,Escolarizado,https://www.dgae.unam.mx/Licenciatura2026/resultados_control/4/40500025.html,50,166,112,65,65,343682,81,S,Seleccionada/o,,
4,Licenciatura 2026,405,40500025,DISEÑO Y COMUNICACION VISUAL,FACULTAD DE ARTES Y DISEÑO,Escolarizado,https://www.dgae.unam.mx/Licenciatura2026/resultados_control/4/40500025.html,50,166,112,65,65,343749,91,S,Seleccionada/o,,
4,Licenciatura 2026,405,40500025,DISEÑO Y COMUNICACION VISUAL,FACULTAD DE ARTES Y DISEÑO,Escolarizado,https://www.dgae.unam.mx/Licenciatura2026/resultados_control/4/40500025.html,50,166,112,65,65,343784,94,S,Seleccionada/o,,
4,Licenciatura 2026,405,40500025,DISEÑO Y COMUNICACION VISUAL,FACULTAD DE ARTES Y DISEÑO,Escolarizado,https://www.dgae.unam.mx/Licenciatura2026/resultados_control/4/40500025.html,50,166,112,65,65,343946,73,S,Seleccionada/o,Cita para entregar documentación.,
4,Licenciatura 2026,405,40500025,DISEÑO Y COMUNICACION VISUAL,FACULTAD DE ARTES Y DISEÑO,Escolarizado,https://www.dgae.unam.mx/Licenciatura2026/resultados_control/4/40500025.html,50,166,112,65,65,344048,99,S,Seleccionada/o,,
4,Licenciatura 2026,405,40500025,DISEÑO Y COMUNICACION VISUAL,FACULTAD DE ARTES Y DISEÑO,Escolarizado,https://www.dgae.unam.mx/Licenciatura2026/resultados_control/4/40500025.html,50,166,112,65,65,344092,86,S,Seleccionada/o,Cita para entregar documentación.,
4,Licenciatura 2026,405,40500025,DISEÑO Y COMUNICACION VISUAL,FACULTAD DE ARTES Y DISEÑO,Escolarizado,https://www.dgae.unam.mx/Licenciatura2026/resultados_control/4/40500025.html,50,166,112,65,65,344496,,N,No presentada/o,,
4,Licenciatura 2026,405,40500025,DISEÑO Y COMUNICACION VISUAL,FACULTAD DE ARTES Y DISEÑO,Escolarizado,https://www.dgae.unam.mx/Licenciatura2026/resultados_control/4/40500025.html,50,166,112,65,65,344644,,N,No presentada/o,,
4,Licenciatura 2026,405,40500025,DISEÑO Y COMUNICACION VISUAL,FACULTAD DE ARTES Y DISEÑO,Escolarizado,https://www.dgae.unam.mx/Licenciatura2026/resultados_control/4/40500025.html,50,166,112,65,65,344814,60,,No seleccionada/o,,
4,Licenciatura 2026,405,40500025,DISEÑO Y COMUNICACION VISUAL,FACULTAD DE ARTES Y DISEÑO,Escolarizado,https://www.dgae.unam.mx/Licenciatura2026/resultados_control/4/40500025.html,50,166,112,65,65,345158,,N,No presentada/o,,
4,Licenciatura 2026,405,40500025,DISEÑO Y COMUNICACION VISUAL,FACULTAD DE ARTES Y DISEÑO,Escolarizado,https://www.dgae.unam.mx/Licenciatura2026/resultados_control/4/40500025.html,50,166,112,65,65,345196,,N,No presentada/o,,
4,Licenciatura 2026,405,40500025,DISEÑO Y COMUNICACION VISUAL,FACULTAD DE ARTES Y DISEÑO,Escolarizado,https://www.dgae.unam.mx/Licenciatura2026/resultados_control/4/40500025.html,50,166,112,65,65,345197,,N,No presentada/o,,
4,Licenciatura 2026,405,40500025,DISEÑO Y COMUNICACION VISUAL,FACULTAD DE ARTES Y DISEÑO,Escolarizado,https://www.dgae.unam.mx/Licenciatura2026/resultados_control/4/40500025.html,50,166,112,65,65,345670,,N,No presentada/o,,
4,Licenciatura 2026,405,40500025,DISEÑO Y COMUNICACION VISUAL,FACULTAD DE ARTES Y DISEÑO,Escolarizado,https://www.dgae.unam.mx/Licenciatura2026/resultados_control/4/40500025.html,50,166,112,65,65,345719,,N,No presentada/o,,
4,Licenciatura 2026,405,40500025,DISEÑO Y COMUNICACION VISUAL,FACULTAD DE ARTES Y DISEÑO,Escolarizado,https://www.dgae.unam.mx/Licenciatura2026/resultados_control/4/40500025.html,50,166,112,65,65,345732,67,S,Seleccionada/o,Cita para entregar documentación.,
4,Licenciatura 2026,405,40500025,DISEÑO Y COMUNICACION VISUAL,FACULTAD DE ARTES Y DISEÑO,Escolarizado,https://www.dgae.unam.mx/Licenciatura2026/resultados_control/4/40500025.html,50,166,112,65,65,346109,67,S,Seleccionada/o,,
4,Licenciatura 2026,405,40500025,DISEÑO Y COMUNICACION VISUAL,FACULTAD DE ARTES Y DISEÑO,Escolarizado,https://www.dgae.unam.mx/Licenciatura2026/resultados_control/4/40500025.html,50,166,112,65,65,346130,96,S,Seleccionada/o,Cita para entregar documentación.,
4,Licenciatura 2026,405,40500025,DISEÑO Y COMUNICACION VISUAL,FACULTAD DE ARTES Y DISEÑO,Escolarizado,https://www.dgae.unam.mx/Licenciatura2026/resultados_control/4/40500025.html,50,166,112,65,65,346209,,N,No presentada/o,,
4,Licenciatura 2026,405,40500025,DISEÑO Y COMUNICACION VISUAL,FACULTAD DE ARTES Y DISEÑO,Escolarizado,https://www.dgae.unam.mx/Licenciatura2026/resultados_control/4/40500025.html,50,166,112,65,65,346938,,N,No presentada/o,,
4,Licenciatura 2026,405,40500025,DISEÑO Y COMUNICACION VISUAL,FACULTAD DE ARTES Y DISEÑO,Escolarizado,https://www.dgae.unam.mx/Licenciatura2026/resultados_control/4/40500025.html,50,166,112,65,65,347256,47,,No seleccionada/o,,
4,Licenciatura 2026,405,40500025,DISEÑO Y COMUNICACION VISUAL,FACULTAD DE ARTES Y DISEÑO,Escolarizado,https://www.dgae.unam.mx/Licenciatura2026/resultados_control/4/40500025.html,50,166,112,65,65,347277,,N,No presentada/o,,
4,Licenciatura 2026,405,40500025,DISEÑO Y COMUNICACION VISUAL,FACULTAD DE ARTES Y DISEÑO,Escolarizado,https://www.dgae.unam.mx/Licenciatura2026/resultados_control/4/40500025.html,50,166,112,65,65,347802,54,,No seleccionada/o,,
4,Licenciatura 2026,405,40500025,DISEÑO Y COMUNICACION VISUAL,FACULTAD DE ARTES Y DISEÑO,Escolarizado,https://www.dgae.unam.mx/Licenciatura2026/resultados_control/4/40500025.html,50,166,112,65,65,347809,39,,No seleccionada/o,,
4,Licenciatura 2026,405,40500025,DISEÑO Y COMUNICACION VISUAL,FACULTAD DE ARTES Y DISEÑO,Escolarizado,https://www.dgae.unam.mx/Licenciatura2026/resultados_control/4/40500025.html,50,166,112,65,65,348081,48,,No seleccionada/o,,
