Area,Clave_carrera,Codigo_opcion,Carrera,Plantel,Modalidad,URL_resultados
1,101,10100035,ACTUARIA,FACULTAD DE CIENCIAS,Escolarizado,https://www.dgae.unam.mx/Licenciatura2026/resultados_control/1/10100035.html
1,101,10102005,ACTUARIA,FES ACATLÁN,Escolarizado,https://www.dgae.unam.mx/Licenciatura2026/resultados_control/1/10102005.html
1,102,10200015,ARQUITECTURA,FACULTAD DE ARQUITECTURA,Escolarizado,https://www.dgae.unam.mx/Licenciatura2026/resultados_control/1/10200015.html
1,102,10202005,ARQUITECTURA,FES ACATLÁN,Escolarizado,https://www.dgae.unam.mx/Licenciatura2026/resultados_control/1/10202005.html
1,102,10204005,ARQUITECTURA,FES ARAGÓN,Escolarizado,https://www.dgae.unam.mx/Licenciatura2026/resultados_control/1/10204005.html
1,103,10300015,ARQUITECTURA DE PAISAJE,FACULTAD DE ARQUITECTURA,Escolarizado,https://www.dgae.unam.mx/Licenciatura2026/resultados_control/1/10300015.html
1,133,13307005,CIENCIA DE MATERIALES SUSTENTABLES,ESCUELA NAL. DE ESTUDIOS SUP. UNIDAD MORELIA,Escolarizado,https://www.dgae.unam.mx/Licenciatura2026/resultados_control/1/13307005.html
1,104,10400035,CIENCIAS DE LA COMPUTACION,FACULTAD DE CIENCIAS,Escolarizado,https://www.dgae.unam.mx/Licenciatura2026/resultados_control/1/10400035.html
1,127,12700175,CIENCIAS DE LA TIERRA,ESCUELA NACIONAL DE CIENCIAS DE LA TIERRA,Escolarizado,https://www.dgae.unam.mx/Licenciatura2026/resultados_control/1/12700175.html
1,127,12708005,CIENCIAS DE LA TIERRA,ESCUELA NAL. DE ESTUDIOS SUP. UNIDAD MÉRIDA,Escolarizado,https://www.dgae.unam.mx/Licenciatura2026/resultados_control/1/12708005.html
1,127,12710005,CIENCIAS DE LA TIERRA,ESCUELA NAL. DE ESTUDIOS SUP. UNIDAD JURIQUILLA,Escolarizado,https://www.dgae.unam.mx/Licenciatura2026/resultados_control/1/12710005.html
1,105,10504005,DISEÑO INDUSTRIAL,FES ARAGÓN,Escolarizado,https://www.dgae.unam.mx/Licenciatura2026/resultados_control/1/10504005.html
1,106,10600035,FISICA,FACULTAD DE CIENCIAS,Escolarizado,https://www.dgae.unam.mx/Licenciatura2026/resultados_control/1/10600035.html
1,134,13400035,FISICA BIOMEDICA,FACULTAD DE CIENCIAS,Escolarizado,https://www.dgae.unam.mx/Licenciatura2026/resultados_control/1/13400035.html
1,131,13107005,GEOCIENCIAS,ESCUELA NAL. DE ESTUDIOS SUP. UNIDAD MORELIA,Escolarizado,https://www.dgae.unam.mx/Licenciatura2026/resultados_control/1/13107005.html
1,130,13001005,"ING. EN TELECOMUNICACIONES, SISTEMAS Y ELECTRONICA",FES CUAUTITLÁN,Escolarizado,https://www.dgae.unam.mx/Licenciatura2026/resultados_control/1/13001005.html
1,139,13900115,INGENIERIA AEROESPACIAL,FACULTAD DE INGENIERÍA,Escolarizado,https://www.dgae.unam.mx/Licenciatura2026/resultados_control/1/13900115.html
1,137,13700115,INGENIERIA AMBIENTAL,FACULTAD DE INGENIERÍA,Escolarizado,https://www.dgae.unam.mx/Licenciatura2026/resultados_control/1/13700115.html
1,107,10700115,INGENIERIA CIVIL,FACULTAD DE INGENIERÍA,Escolarizado,https://www.dgae.unam.mx/Licenciatura2026/resultados_control/1/10700115.html
1,107,10702005,INGENIERIA CIVIL,FES ACATLÁN,Escolarizado,https://www.dgae.unam.mx/Licenciatura2026/resultados_control/1/10702005.html
1,107,10704005,INGENIERIA CIVIL,FES ARAGÓN,Escolarizado,https://www.dgae.unam.mx/Licenciatura2026/resultados_control/1/10704005.html
1,108,10800115,INGENIERIA DE MINAS Y METALURGIA,FACULTAD DE INGENIERÍA,Escolarizado,https://www.dgae.unam.mx/Licenciatura2026/resultados_control/1/10800115.html
1,109,10900115,INGENIERIA ELECTRICA ELECTRONICA,FACULTAD DE INGENIERÍA,Escolarizado,https://www.dgae.unam.mx/Licenciatura2026/resultados_control/1/10900115.html
1,109,10904005,INGENIERIA ELECTRICA ELECTRONICA,FES ARAGÓN,Escolarizado,https://www.dgae.unam.mx/Licenciatura2026/resultados_control/1/10904005.html
1,110,11000115,INGENIERIA EN COMPUTACION,FACULTAD DE INGENIERÍA,Escolarizado,https://www.dgae.unam.mx/Licenciatura2026/resultados_control/1/11000115.html
1,110,11004005,INGENIERIA EN COMPUTACION,FES ARAGÓN,Escolarizado,https://www.dgae.unam.mx/Licenciatura2026/resultados_control/1/11004005.html
1,110,11008005,INGENIERIA EN COMPUTACION,ESCUELA NAL. DE ESTUDIOS SUP. UNIDAD MÉRIDA,Escolarizado,https://www.dgae.unam.mx/Licenciatura2026/resultados_control/1/11008005.html
1,110,11010005,INGENIERIA EN COMPUTACION,ESCUELA NAL. DE ESTUDIOS SUP. UNIDAD JURIQUILLA,Escolarizado,https://www.dgae.unam.mx/Licenciatura2026/resultados_control/1/11010005.html
1,128,12800905,INGENIERIA EN ENERGIAS RENOVABLES,CENTRO DE INVESTIGACIÓN EN ENERGÍA,Escolarizado,https://www.dgae.unam.mx/Licenciatura2026/resultados_control/1/12800905.html
1,128,12810005,INGENIERIA EN ENERGIAS RENOVABLES,ESCUELA NAL. DE ESTUDIOS SUP. UNIDAD JURIQUILLA,Escolarizado,https://www.dgae.unam.mx/Licenciatura2026/resultados_control/1/12810005.html
1,111,11100115,INGENIERIA EN TELECOMUNICACIONES,FACULTAD DE INGENIERÍA,Escolarizado,https://www.dgae.unam.mx/Licenciatura2026/resultados_control/1/11100115.html
1,112,11200115,INGENIERIA GEOFISICA,FACULTAD DE INGENIERÍA,Escolarizado,https://www.dgae.unam.mx/Licenciatura2026/resultados_control/1/11200115.html
1,113,11300115,INGENIERIA GEOLOGICA,FACULTAD DE INGENIERÍA,Escolarizado,https://www.dgae.unam.mx/Licenciatura2026/resultados_control/1/11300115.html
1,120,12000115,INGENIERIA GEOMATICA,FACULTAD DE INGENIERÍA,Escolarizado,https://www.dgae.unam.mx/Licenciatura2026/resultados_control/1/12000115.html
1,114,11400115,INGENIERIA INDUSTRIAL,FACULTAD DE INGENIERÍA,Escolarizado,https://www.dgae.unam.mx/Licenciatura2026/resultados_control/1/11400115.html
1,114,11401005,INGENIERIA INDUSTRIAL,FES CUAUTITLÁN,Escolarizado,https://www.dgae.unam.mx/Licenciatura2026/resultados_control/1/11401005.html
1,114,11404005,INGENIERIA INDUSTRIAL,FES ARAGÓN,Escolarizado,https://www.dgae.unam.mx/Licenciatura2026/resultados_control/1/11404005.html
1,115,11500115,INGENIERIA MECANICA,FACULTAD DE INGENIERÍA,Escolarizado,https://www.dgae.unam.mx/Licenciatura2026/resultados_control/1/11500115.html
1,115,11504005,INGENIERIA MECANICA,FES ARAGÓN,Escolarizado,https://www.dgae.unam.mx/Licenciatura2026/resultados_control/1/11504005.html
1,116,11601005,INGENIERIA MECANICA ELECTRICA,FES CUAUTITLÁN,Escolarizado,https://www.dgae.unam.mx/Licenciatura2026/resultados_control/1/11601005.html
1,117,11700115,INGENIERIA PETROLERA,FACULTAD DE INGENIERÍA,Escolarizado,https://www.dgae.unam.mx/Licenciatura2026/resultados_control/1/11700115.html
1,118,11800055,INGENIERIA QUIMICA,FACULTAD DE QUÍMICA,Escolarizado,https://www.dgae.unam.mx/Licenciatura2026/resultados_control/1/11800055.html
1,118,11801005,INGENIERIA QUIMICA,FES CUAUTITLÁN,Escolarizado,https://www.dgae.unam.mx/Licenciatura2026/resultados_control/1/11801005.html
1,118,11805005,INGENIERIA QUIMICA,FES ZARAGOZA,Escolarizado,https://www.dgae.unam.mx/Licenciatura2026/resultados_control/1/11805005.html
1,119,11900055,INGENIERIA QUIMICA METALURGICA,FACULTAD DE QUÍMICA,Escolarizado,https://www.dgae.unam.mx/Licenciatura2026/resultados_control/1/11900055.html
1,122,12200035,MATEMATICAS,FACULTAD DE CIENCIAS,Escolarizado,https://www.dgae.unam.mx/Licenciatura2026/resultados_control/1/12200035.html
1,136,13600035,MATEMATICAS APLICADAS,FACULTAD DE CIENCIAS,Escolarizado,https://www.dgae.unam.mx/Licenciatura2026/resultados_control/1/13600035.html
1,121,12102005,MATEMATICAS APLICADAS Y COMPUTACION,FES ACATLÁN,Escolarizado,https://www.dgae.unam.mx/Licenciatura2026/resultados_control/1/12102005.html
1,140,14010005,MATEMATICAS PARA EL DESARROLLO,ESCUELA NAL. DE ESTUDIOS SUP. UNIDAD JURIQUILLA,Escolarizado,https://www.dgae.unam.mx/Licenciatura2026/resultados_control/1/14010005.html
1,126,12610005,TECNOLOGIA,ESCUELA NAL. DE ESTUDIOS SUP. UNIDAD JURIQUILLA,Escolarizado,https://www.dgae.unam.mx/Licenciatura2026/resultados_control/1/12610005.html
1,132,13207005,TECNOLOGIAS PARA LA INFORMACION EN CIENCIAS,ESCUELA NAL. DE ESTUDIOS SUP. UNIDAD MORELIA,Escolarizado,https://www.dgae.unam.mx/Licenciatura2026/resultados_control/1/13207005.html
1,123,12300015,URBANISMO,FACULTAD DE ARQUITECTURA,Escolarizado,https://www.dgae.unam.mx/Licenciatura2026/resultados_control/1/12300015.html
2,201,20100035,BIOLOGIA,FACULTAD DE CIENCIAS,Escolarizado,https://www.dgae.unam.mx/Licenciatura2026/resultados_control/2/20100035.html
2,201,20103005,BIOLOGIA,FES IZTACALA,Escolarizado,https://www.dgae.unam.mx/Licenciatura2026/resultados_control/2/20103005.html
2,201,20105005,BIOLOGIA,FES ZARAGOZA,Escolarizado,https://www.dgae.unam.mx/Licenciatura2026/resultados_control/2/20105005.html
2,201,20100015,BIOLOGIA,TLAXCALA,Escolarizado,https://www.dgae.unam.mx/Licenciatura2026/resultados_control/2/20100015.html
2,201,20108005,BIOLOGIA,ESCUELA NAL. DE ESTUDIOS SUP. UNIDAD MÉRIDA,Escolarizado,https://www.dgae.unam.mx/Licenciatura2026/resultados_control/2/20108005.html
2,218,21801005,BIOQUIMICA DIAGNOSTICA,FES CUAUTITLÁN,Escolarizado,https://www.dgae.unam.mx/Licenciatura2026/resultados_control/2/21801005.html
2,230,23007005,CIENCIAS AGROFORESTALES,ESCUELA NAL. DE ESTUDIOS SUP. UNIDAD MORELIA,Escolarizado,https://www.dgae.unam.mx/Licenciatura2026/resultados_control/2/23007005.html
2,223,22306005,CIENCIAS AGROGENOMICAS,ESCUELA NAL. DE ESTUDIOS SUP. UNIDAD LEÓN,Escolarizado,https://www.dgae.unam.mx/Licenciatura2026/resultados_control/2/22306005.html
2,216,21607005,CIENCIAS AMBIENTALES,ESCUELA NAL. DE ESTUDIOS SUP. UNIDAD MORELIA,Escolarizado,https://www.dgae.unam.mx/Licenciatura2026/resultados_control/2/21607005.html
2,216,21608005,CIENCIAS AMBIENTALES,ESCUELA NAL. DE ESTUDIOS SUP. UNIDAD MÉRIDA,Escolarizado,https://www.dgae.unam.mx/Licenciatura2026/resultados_control/2/21608005.html
2,202,20200145,CIRUJANO DENTISTA,FACULTAD DE ODONTOLOGÍA,Escolarizado,https://www.dgae.unam.mx/Licenciatura2026/resultados_control/2/20200145.html
2,202,20203005,CIRUJANO DENTISTA,FES IZTACALA,Escolarizado,https://www.dgae.unam.mx/Licenciatura2026/resultados_control/2/20203005.html
2,202,20205005,CIRUJANO DENTISTA,FES ZARAGOZA,Escolarizado,https://www.dgae.unam.mx/Licenciatura2026/resultados_control/2/20205005.html
2,225,22503005,ECOLOGIA,FES IZTACALA,Escolarizado,https://www.dgae.unam.mx/Licenciatura2026/resultados_control/2/22503005.html
2,225,22507005,ECOLOGIA,ESCUELA NAL. DE ESTUDIOS SUP. UNIDAD MORELIA,Escolarizado,https://www.dgae.unam.mx/Licenciatura2026/resultados_control/2/22507005.html
2,225,22508005,ECOLOGIA,ESCUELA NAL. DE ESTUDIOS SUP. UNIDAD MÉRIDA,Escolarizado,https://www.dgae.unam.mx/Licenciatura2026/resultados_control/2/22508005.html
2,220,22000095,ENFERMERIA,FACULTAD DE ENFERMERIA Y OBSTETRICIA,Escolarizado,https://www.dgae.unam.mx/Licenciatura2026/resultados_control/2/22000095.html
2,220,22003005,ENFERMERIA,FES IZTACALA,Escolarizado,https://www.dgae.unam.mx/Licenciatura2026/resultados_control/2/22003005.html
2,220,22005005,ENFERMERIA,FES ZARAGOZA,Escolarizado,https://www.dgae.unam.mx/Licenciatura2026/resultados_control/2/22005005.html
2,220,22000015,ENFERMERIA,TLAXCALA,Escolarizado,https://www.dgae.unam.mx/Licenciatura2026/resultados_control/2/22000015.html
2,203,20300095,ENFERMERIA Y OBSTETRICIA,FACULTAD DE ENFERMERIA Y OBSTETRICIA,Escolarizado,https://www.dgae.unam.mx/Licenciatura2026/resultados_control/2/20300095.html
2,219,21901005,FARMACIA,FES CUAUTITLÁN,Escolarizado,https://www.dgae.unam.mx/Licenciatura2026/resultados_control/2/21901005.html
2,221,22106005,FISIOTERAPIA,ESCUELA NAL. DE ESTUDIOS SUP. UNIDAD LEÓN,Escolarizado,https://www.dgae.unam.mx/Licenciatura2026/resultados_control/2/22106005.html
2,204,20401005,INGENIERIA AGRICOLA,FES CUAUTITLÁN,Escolarizado,https://www.dgae.unam.mx/Licenciatura2026/resultados_control/2/20401005.html
2,205,20501005,INGENIERIA EN ALIMENTOS,FES CUAUTITLÁN,Escolarizado,https://www.dgae.unam.mx/Licenciatura2026/resultados_control/2/20501005.html
2,217,21708005,MANEJO SUSTENTABLE DE ZONAS COSTERAS,ESCUELA NAL. DE ESTUDIOS SUP. UNIDAD MÉRIDA,Escolarizado,https://www.dgae.unam.mx/Licenciatura2026/resultados_control/2/21708005.html
2,207,20700165,MEDICINA VETERINARIA Y ZOOTECNIA,FACULTAD DE MEDICINA VETERINARIA Y ZOOTECNIA,Escolarizado,https://www.dgae.unam.mx/Licenciatura2026/resultados_control/2/20700165.html
2,207,20701005,MEDICINA VETERINARIA Y ZOOTECNIA,FES CUAUTITLÁN,Escolarizado,https://www.dgae.unam.mx/Licenciatura2026/resultados_control/2/20701005.html
2,208,20800125,MEDICO CIRUJANO,FACULTAD DE MEDICINA,Escolarizado,https://www.dgae.unam.mx/Licenciatura2026/resultados_control/2/20800125.html
2,208,20803005,MEDICO CIRUJANO,FES IZTACALA,Escolarizado,https://www.dgae.unam.mx/Licenciatura2026/resultados_control/2/20803005.html
2,208,20805005,MEDICO CIRUJANO,FES ZARAGOZA,Escolarizado,https://www.dgae.unam.mx/Licenciatura2026/resultados_control/2/20805005.html
2,227,22705005,NUTRIOLOGIA,FES ZARAGOZA,Escolarizado,https://www.dgae.unam.mx/Licenciatura2026/resultados_control/2/22705005.html
2,222,22206005,ODONTOLOGIA,ESCUELA NAL. DE ESTUDIOS SUP. UNIDAD LEÓN,Escolarizado,https://www.dgae.unam.mx/Licenciatura2026/resultados_control/2/22206005.html
2,209,20903005,OPTOMETRIA,FES IZTACALA,Escolarizado,https://www.dgae.unam.mx/Licenciatura2026/resultados_control/2/20903005.html
2,209,20906005,OPTOMETRIA,ESCUELA NAL. DE ESTUDIOS SUP. UNIDAD LEÓN,Escolarizado,https://www.dgae.unam.mx/Licenciatura2026/resultados_control/2/20906005.html
2,228,22810005,ORTESIS Y PROTESIS,ESCUELA NAL. DE ESTUDIOS SUP. UNIDAD JURIQUILLA,Escolarizado,https://www.dgae.unam.mx/Licenciatura2026/resultados_control/2/22810005.html
2,210,21000195,PSICOLOGIA,FACULTAD DE PSICOLOGÍA,Escolarizado,https://www.dgae.unam.mx/Licenciatura2026/resultados_control/2/21000195.html
2,210,21003005,PSICOLOGIA,FES IZTACALA,Escolarizado,https://www.dgae.unam.mx/Licenciatura2026/resultados_control/2/21003005.html
2,210,21005005,PSICOLOGIA,FES ZARAGOZA,Escolarizado,https://www.dgae.unam.mx/Licenciatura2026/resultados_control/2/21005005.html
2,210,21000015,PSICOLOGIA,TLAXCALA,Escolarizado,https://www.dgae.unam.mx/Licenciatura2026/resultados_control/2/21000015.html
2,210,21010005,PSICOLOGIA,ESCUELA NAL. DE ESTUDIOS SUP. UNIDAD JURIQUILLA,Escolarizado,https://www.dgae.unam.mx/Licenciatura2026/resultados_control/2/21010005.html
2,211,21100055,QUIMICA,FACULTAD DE QUÍMICA,Escolarizado,https://www.dgae.unam.mx/Licenciatura2026/resultados_control/2/21100055.html
2,211,21101005,QUIMICA,FES CUAUTITLÁN,Escolarizado,https://www.dgae.unam.mx/Licenciatura2026/resultados_control/2/21101005.html
2,212,21200055,QUIMICA DE ALIMENTOS,FACULTAD DE QUÍMICA,Escolarizado,https://www.dgae.unam.mx/Licenciatura2026/resultados_control/2/21200055.html
2,213,21300055,QUIMICA FARMACEUTICO BIOLOGICA,FACULTAD DE QUÍMICA,Escolarizado,https://www.dgae.unam.mx/Licenciatura2026/resultados_control/2/21300055.html
2,213,21305005,QUIMICA FARMACEUTICO BIOLOGICA,FES ZARAGOZA,Escolarizado,https://www.dgae.unam.mx/Licenciatura2026/resultados_control/2/21305005.html
2,214,21401005,QUIMICA INDUSTRIAL,FES CUAUTITLÁN,Escolarizado,https://www.dgae.unam.mx/Licenciatura2026/resultados_control/2/21401005.html
3,301,30100065,ADMINISTRACION,FACULTAD DE CONTADURÍA Y ADMINISTRACIÓN,Escolarizado,https://www.dgae.unam.mx/Licenciatura2026/resultados_control/3/30100065.html
3,301,30101005,ADMINISTRACION,FES CUAUTITLÁN,Escolarizado,https://www.dgae.unam.mx/Licenciatura2026/resultados_control/3/30101005.html
3,301,30107005,ADMINISTRACION,ESCUELA NAL. DE ESTUDIOS SUP. UNIDAD MORELIA,Escolarizado,https://www.dgae.unam.mx/Licenciatura2026/resultados_control/3/30107005.html
3,301,30111005,ADMINISTRACION,"ESCUELA NAL. DE ESTUDIOS SUP. OAXACA, OAX.",Escolarizado,https://www.dgae.unam.mx/Licenciatura2026/resultados_control/3/30111005.html
3,314,31406005,ADMINISTRACION AGROPECUARIA,ESCUELA NAL. DE ESTUDIOS SUP. UNIDAD LEÓN,Escolarizado,https://www.dgae.unam.mx/Licenciatura2026/resultados_control/3/31406005.html
3,319,31900045,ANTROPOLOGIA,FACULTAD DE CIENCIAS POLÍTICAS Y SOCIALES,Escolarizado,https://www.dgae.unam.mx/Licenciatura2026/resultados_control/3/31900045.html
3,302,30200045,CIENCIAS DE LA COMUNICACION,FACULTAD DE CIENCIAS POLÍTICAS Y SOCIALES,Escolarizado,https://www.dgae.unam.mx/Licenciatura2026/resultados_control/3/30200045.html
3,303,30300045,CIENCIAS POLITICAS Y ADMON PUBLICA,FACULTAD DE CIENCIAS POLÍTICAS Y SOCIALES,Escolarizado,https://www.dgae.unam.mx/Licenciatura2026/resultados_control/3/30300045.html
3,303,30302005,CIENCIAS POLITICAS Y ADMON PUBLICA,FES ACATLÁN,Escolarizado,https://www.dgae.unam.mx/Licenciatura2026/resultados_control/3/30302005.html
3,315,31502005,COMUNICACION,FES ACATLÁN,Escolarizado,https://www.dgae.unam.mx/Licenciatura2026/resultados_control/3/31502005.html
3,315,31506005,COMUNICACION,ESCUELA NAL. DE ESTUDIOS SUP. UNIDAD LEÓN,Escolarizado,https://www.dgae.unam.mx/Licenciatura2026/resultados_control/3/31506005.html
3,316,31604005,COMUNICACION Y PERIODISMO,FES ARAGÓN,Escolarizado,https://www.dgae.unam.mx/Licenciatura2026/resultados_control/3/31604005.html
3,304,30400065,CONTADURIA,FACULTAD DE CONTADURÍA Y ADMINISTRACIÓN,Escolarizado,https://www.dgae.unam.mx/Licenciatura2026/resultados_control/3/30400065.html
3,304,30401005,CONTADURIA,FES CUAUTITLÁN,Escolarizado,https://www.dgae.unam.mx/Licenciatura2026/resultados_control/3/30401005.html
3,304,30411005,CONTADURIA,"ESCUELA NAL. DE ESTUDIOS SUP. OAXACA, OAX.",Escolarizado,https://www.dgae.unam.mx/Licenciatura2026/resultados_control/3/30411005.html
3,305,30500075,DERECHO,FACULTAD DE DERECHO,Escolarizado,https://www.dgae.unam.mx/Licenciatura2026/resultados_control/3/30500075.html
3,305,30502005,DERECHO,FES ACATLÁN,Escolarizado,https://www.dgae.unam.mx/Licenciatura2026/resultados_control/3/30502005.html
3,305,30504005,DERECHO,FES ARAGÓN,Escolarizado,https://www.dgae.unam.mx/Licenciatura2026/resultados_control/3/30504005.html
3,305,30507005,DERECHO,ESCUELA NAL. DE ESTUDIOS SUP. UNIDAD MORELIA,Escolarizado,https://www.dgae.unam.mx/Licenciatura2026/resultados_control/3/30507005.html
3,318,31805005,DESARROLLO COMUNITARIO PARA EL ENVEJECIMIENTO,FES ZARAGOZA,Escolarizado,https://www.dgae.unam.mx/Licenciatura2026/resultados_control/3/31805005.html
3,318,31800015,DESARROLLO COMUNITARIO PARA EL ENVEJECIMIENTO,TLAXCALA,Escolarizado,https://www.dgae.unam.mx/Licenciatura2026/resultados_control/3/31800015.html
3,320,32006005,DESARROLLO TERRITORIAL,ESCUELA NAL. DE ESTUDIOS SUP. UNIDAD LEÓN,Escolarizado,https://www.dgae.unam.mx/Licenciatura2026/resultados_control/3/32006005.html
3,306,30600085,ECONOMIA,FACULTAD DE ECONOMÍA,Escolarizado,https://www.dgae.unam.mx/Licenciatura2026/resultados_control/3/30600085.html
3,306,30602005,ECONOMIA,FES ACATLÁN,Escolarizado,https://www.dgae.unam.mx/Licenciatura2026/resultados_control/3/30602005.html
3,306,30604005,ECONOMIA,FES ARAGÓN,Escolarizado,https://www.dgae.unam.mx/Licenciatura2026/resultados_control/3/30604005.html
3,313,31306005,ECONOMIA INDUSTRIAL,ESCUELA NAL. DE ESTUDIOS SUP. UNIDAD LEÓN,Escolarizado,https://www.dgae.unam.mx/Licenciatura2026/resultados_control/3/31306005.html
3,317,31707005,ESTUDIOS SOCIALES Y GESTION LOCAL,ESCUELA NAL. DE ESTUDIOS SUP. UNIDAD MORELIA,Escolarizado,https://www.dgae.unam.mx/Licenciatura2026/resultados_control/3/31707005.html
3,307,30700105,GEOGRAFIA,FACULTAD DE FILOSOFÍA Y LETRAS,Escolarizado,https://www.dgae.unam.mx/Licenciatura2026/resultados_control/3/30700105.html
3,322,32200175,GEOGRAFIA APLICADA,ESCUELA NACIONAL DE CIENCIAS DE LA TIERRA,Escolarizado,https://www.dgae.unam.mx/Licenciatura2026/resultados_control/3/32200175.html
3,322,32208005,GEOGRAFIA APLICADA,ESCUELA NAL. DE ESTUDIOS SUP. UNIDAD MÉRIDA,Escolarizado,https://www.dgae.unam.mx/Licenciatura2026/resultados_control/3/32208005.html
3,308,30801005,INFORMATICA,FES CUAUTITLÁN,Escolarizado,https://www.dgae.unam.mx/Licenciatura2026/resultados_control/3/30801005.html
3,309,30904005,PLANIF PARA EL DESARROLLO AGROPECUARIO,FES ARAGÓN,Escolarizado,https://www.dgae.unam.mx/Licenciatura2026/resultados_control/3/30904005.html
3,310,31000045,RELACIONES INTERNACIONALES,FACULTAD DE CIENCIAS POLÍTICAS Y SOCIALES,Escolarizado,https://www.dgae.unam.mx/Licenciatura2026/resultados_control/3/31000045.html
3,310,31002005,RELACIONES INTERNACIONALES,FES ACATLÁN,Escolarizado,https://www.dgae.unam.mx/Licenciatura2026/resultados_control/3/31002005.html
3,310,31004005,RELACIONES INTERNACIONALES,FES ARAGÓN,Escolarizado,https://www.dgae.unam.mx/Licenciatura2026/resultados_control/3/31004005.html
3,310,31006005,RELACIONES INTERNACIONALES,ESCUELA NAL. DE ESTUDIOS SUP. UNIDAD LEÓN,Escolarizado,https://www.dgae.unam.mx/Licenciatura2026/resultados_control/3/31006005.html
3,311,31100045,SOCIOLOGIA,FACULTAD DE CIENCIAS POLÍTICAS Y SOCIALES,Escolarizado,https://www.dgae.unam.mx/Licenciatura2026/resultados_control/3/31100045.html
3,311,31102005,SOCIOLOGIA,FES ACATLÁN,Escolarizado,https://www.dgae.unam.mx/Licenciatura2026/resultados_control/3/31102005.html
3,311,31104005,SOCIOLOGIA,FES ARAGÓN,Escolarizado,https://www.dgae.unam.mx/Licenciatura2026/resultados_control/3/31104005.html
3,324,32408005,SOCIOLOGIA APLICADA,ESCUELA NAL. DE ESTUDIOS SUP. UNIDAD MÉRIDA,Escolarizado,https://www.dgae.unam.mx/Licenciatura2026/resultados_control/3/32408005.html
3,312,31200155,TRABAJO SOCIAL,ESCUELA NACIONAL DE TRABAJO SOCIAL,Escolarizado,https://www.dgae.unam.mx/Licenciatura2026/resultados_control/3/31200155.html
3,323,32306005,TURISMO Y DESARROLLO SOSTENIBLE,ESCUELA NAL. DE ESTUDIOS SUP. UNIDAD LEÓN,Escolarizado,https://www.dgae.unam.mx/Licenciatura2026/resultados_control/3/32306005.html
4,437,43700105,ADMINISTRACION DE ARCHIVOS Y GESTION DOCUMENTAL,FACULTAD DE FILOSOFÍA Y LETRAS,Escolarizado,https://www.dgae.unam.mx/Licenciatura2026/resultados_control/4/43700105.html
4,434,43402055,ARTE Y DISEÑO,"PLANTEL TAXCO, GRO",Escolarizado,https://www.dgae.unam.mx/Licenciatura2026/resultados_control/4/43402055.html
4,434,43407005,ARTE Y DISEÑO,ESCUELA NAL. DE ESTUDIOS SUP. UNIDAD MORELIA,Escolarizado,https://www.dgae.unam.mx/Licenciatura2026/resultados_control/4/43407005.html
4,401,40100025,ARTES VISUALES,FACULTAD DE ARTES Y DISEÑO,Escolarizado,https://www.dgae.unam.mx/Licenciatura2026/resultados_control/4/40100025.html
4,402,40200105,BIBLIOTECOLOGIA Y ESTUDIOS DE LA INFORMACION,FACULTAD DE FILOSOFÍA Y LETRAS,Escolarizado,https://www.dgae.unam.mx/Licenciatura2026/resultados_control/4/40200105.html
4,403,40300135,CANTO,FACULTAD DE MÚSICA,Escolarizado,https://www.dgae.unam.mx/Licenciatura2026/resultados_control/4/40300135.html
4,404,40400135,COMPOSICION,FACULTAD DE MÚSICA,Escolarizado,https://www.dgae.unam.mx/Licenciatura2026/resultados_control/4/40400135.html
4,429,42900105,DESARROLLO Y GESTION INTERCULTURALES,FACULTAD DE FILOSOFÍA Y LETRAS,Escolarizado,https://www.dgae.unam.mx/Licenciatura2026/resultados_control/4/42900105.html
4,429,42906005,DESARROLLO Y GESTION INTERCULTURALES,ESCUELA NAL. DE ESTUDIOS SUP. UNIDAD LEÓN,Escolarizado,https://www.dgae.unam.mx/Licenciatura2026/resultados_control/4/42906005.html
4,429,42908005,DESARROLLO Y GESTION INTERCULTURALES,ESCUELA NAL. DE ESTUDIOS SUP. UNIDAD MÉRIDA,Escolarizado,https://www.dgae.unam.mx/Licenciatura2026/resultados_control/4/42908005.html
4,406,40602005,DISEÑO GRAFICO,FES ACATLÁN,Escolarizado,https://www.dgae.unam.mx/Licenciatura2026/resultados_control/4/40602005.html
4,405,40500025,DISEÑO Y COMUNICACION VISUAL,FACULTAD DE ARTES Y DISEÑO,Escolarizado,https://www.dgae.unam.mx/Licenciatura2026/resultados_control/4/40500025.html
4,405,40501005,DISEÑO Y COMUNICACION VISUAL,FES CUAUTITLÁN,Escolarizado,https://www.dgae.unam.mx/Licenciatura2026/resultados_control/4/40501005.html
4,407,40700135,EDUCACION MUSICAL,FACULTAD DE MÚSICA,Escolarizado,https://www.dgae.unam.mx/Licenciatura2026/resultados_control/4/40700135.html
4,408,40802005,ENSEÑANZA DE INGLES,FES ACATLÁN,Escolarizado,https://www.dgae.unam.mx/Licenciatura2026/resultados_control/4/40802005.html
4,409,40900105,ESTUDIOS LATINOAMERICANOS,FACULTAD DE FILOSOFÍA Y LETRAS,Escolarizado,https://www.dgae.unam.mx/Licenciatura2026/resultados_control/4/40900105.html
4,410,41000135,ETNOMUSICOLOGIA,FACULTAD DE MÚSICA,Escolarizado,https://www.dgae.unam.mx/Licenciatura2026/resultados_control/4/41000135.html
4,411,41100105,FILOSOFIA,FACULTAD DE FILOSOFÍA Y LETRAS,Escolarizado,https://www.dgae.unam.mx/Licenciatura2026/resultados_control/4/41100105.html
4,411,41102005,FILOSOFIA,FES ACATLÁN,Escolarizado,https://www.dgae.unam.mx/Licenciatura2026/resultados_control/4/41102005.html
4,431,43107005,GEOHISTORIA,ESCUELA NAL. DE ESTUDIOS SUP. UNIDAD MORELIA,Escolarizado,https://www.dgae.unam.mx/Licenciatura2026/resultados_control/4/43107005.html
4,412,41200105,HISTORIA,FACULTAD DE FILOSOFÍA Y LETRAS,Escolarizado,https://www.dgae.unam.mx/Licenciatura2026/resultados_control/4/41200105.html
4,412,41202005,HISTORIA,FES ACATLÁN,Escolarizado,https://www.dgae.unam.mx/Licenciatura2026/resultados_control/4/41202005.html
4,412,41211005,HISTORIA,"ESCUELA NAL. DE ESTUDIOS SUP. OAXACA, OAX.",Escolarizado,https://www.dgae.unam.mx/Licenciatura2026/resultados_control/4/41211005.html
4,433,43307005,HISTORIA DEL ARTE,ESCUELA NAL. DE ESTUDIOS SUP. UNIDAD MORELIA,Escolarizado,https://www.dgae.unam.mx/Licenciatura2026/resultados_control/4/43307005.html
4,413,41300135,INSTRUMENTISTA,FACULTAD DE MÚSICA,Escolarizado,https://www.dgae.unam.mx/Licenciatura2026/resultados_control/4/41300135.html
4,414,41400105,LENGUA Y LITERATURAS HISPANICAS,FACULTAD DE FILOSOFÍA Y LETRAS,Escolarizado,https://www.dgae.unam.mx/Licenciatura2026/resultados_control/4/41400105.html
4,414,41402005,LENGUA Y LITERATURAS HISPANICAS,FES ACATLÁN,Escolarizado,https://www.dgae.unam.mx/Licenciatura2026/resultados_control/4/41402005.html
4,415,41500105,LENGUA Y LITERATURAS MODERNAS (LETRAS ALEMANAS),FACULTAD DE FILOSOFÍA Y LETRAS,Escolarizado,https://www.dgae.unam.mx/Licenciatura2026/resultados_control/4/41500105.html
4,416,41600105,LENGUA Y LITERATURAS MODERNAS (LETRAS FRANCESAS),FACULTAD DE FILOSOFÍA Y LETRAS,Escolarizado,https://www.dgae.unam.mx/Licenciatura2026/resultados_control/4/41600105.html
4,417,41700105,LENGUA Y LITERATURAS MODERNAS (LETRAS INGLESAS),FACULTAD DE FILOSOFÍA Y LETRAS,Escolarizado,https://www.dgae.unam.mx/Licenciatura2026/resultados_control/4/41700105.html
4,418,41800105,LENGUA Y LITERATURAS MODERNAS (LETRAS ITALIANAS),FACULTAD DE FILOSOFÍA Y LETRAS,Escolarizado,https://www.dgae.unam.mx/Licenciatura2026/resultados_control/4/41800105.html
4,430,43000105,LENGUA Y LITERATURAS MODERNAS (LETRAS PORTUGUESAS),FACULTAD DE FILOSOFÍA Y LETRAS,Escolarizado,https://www.dgae.unam.mx/Licenciatura2026/resultados_control/4/43000105.html
4,419,41900105,LETRAS CLASICAS,FACULTAD DE FILOSOFÍA Y LETRAS,Escolarizado,https://www.dgae.unam.mx/Licenciatura2026/resultados_control/4/41900105.html
4,439,43900425,LINGÜISTICA APLICADA,"ESCUELA NACIONAL DE LENGUAS, LINGÜÍSTICA Y TRADUCCIÓN",Escolarizado,https://www.dgae.unam.mx/Licenciatura2026/resultados_control/4/43900425.html
4,420,42000105,LITERATURA DRAMATICA Y TEATRO,FACULTAD DE FILOSOFÍA Y LETRAS,Escolarizado,https://www.dgae.unam.mx/Licenciatura2026/resultados_control/4/42000105.html
4,432,43207005,LITERATURA INTERCULTURAL,ESCUELA NAL. DE ESTUDIOS SUP. UNIDAD MORELIA,Escolarizado,https://www.dgae.unam.mx/Licenciatura2026/resultados_control/4/43207005.html
4,438,43807005,MUSICA Y TECNOLOGIA ARTISTICA,ESCUELA NAL. DE ESTUDIOS SUP. UNIDAD MORELIA,Escolarizado,https://www.dgae.unam.mx/Licenciatura2026/resultados_control/4/43807005.html
4,421,42100105,PEDAGOGIA,FACULTAD DE FILOSOFÍA Y LETRAS,Escolarizado,https://www.dgae.unam.mx/Licenciatura2026/resultados_control/4/42100105.html
4,421,42102005,PEDAGOGIA,FES ACATLÁN,Escolarizado,https://www.dgae.unam.mx/Licenciatura2026/resultados_control/4/42102005.html
4,421,42104005,PEDAGOGIA,FES ARAGÓN,Escolarizado,https://www.dgae.unam.mx/Licenciatura2026/resultados_control/4/42104005.html
4,422,42200135,PIANO,FACULTAD DE MÚSICA,Escolarizado,https://www.dgae.unam.mx/Licenciatura2026/resultados_control/4/42200135.html
4,436,43600135,TEATRO Y ACTUACION,FACULTAD DE MÚSICA,Escolarizado,https://www.dgae.unam.mx/Licenciatura2026/resultados_control/4/43600135.html
4,440,44000425,TRADUCCION,"ESCUELA NACIONAL DE LENGUAS, LINGÜÍSTICA Y TRADUCCIÓN",Escolarizado,https://www.dgae.unam.mx/Licenciatura2026/resultados_control/4/44000425.html
4,440,44000305,TRADUCCION,"SAN MIGUEL DE ALLENDE, GUANAJUATO",Escolarizado,https://www.dgae.unam.mx/Licenciatura2026/resultados_control/4/44000305.html
